SMILES,Reason
CC(C)C1=CC(=C(C=C1)N2C(=O)C3=C4C5=C(C=C3)C(=O)N(C(=O)C5=C6C7=CC8=C9C(=CC1=C3C9=C7C5=C7C3=C(C=C3C7=C(C=C5C6=C4C2=O)C(=O)N(C3=O)C2=C(C=C(C=C2)C(C)C)C(C)C)C2=C3C4=C(C=CC5=C4C(=C12)C(=O)N(C5=O)C1=C(C=C(C=C1)C(C)C)C(C)C)C(=O)N(C3=O)C1=C(C=C(C=C1)C(C)C)C(C)C)C(=O)N(C8=O)C1=C(C=C(C=C1)C(C)C)C(C)C)C1=C(C=C(C=C1)C(C)C)C(C)C)C(C)C,NDI core not found
CN1C=CC(=[N+]2C(=O)C3=C4C(=CC=C5C4=C(C=C3)C(=O)[N+](=C6C=CN(C=C6)C)C5=O)C2=O)C=C1,NDI core not found
CN(C)CCCN1C(=O)C2=C3C4=C(C=C2)C(=O)N(C(=O)C4=C5C(=C3C1=O)NC6=C(N5)C=C(C=C6)[N+](=O)[O-])CCCN(C)C,NDI core not found
CN(C)CCCN1C(=O)C2=C3C4=C(C=C2)C(=O)N(C(=O)C4=C5C(=C3C1=O)NC6=CC=CC=C6N5)CCCN(C)C,NDI core not found
CN(C)CCCN1C(=O)C2=C3C4=C(C=C2)C(=O)N(C(=O)C4=C5C(=C3C1=O)NC6=C(N5)C=C(C=C6)C(=O)O)CCCN(C)C,NDI core not found
CN(C)CCCNC1=C2C3=C4C(=C1)C(=O)N(C(=O)C4=C5C(=C3C(=O)N(C2=O)CCCN(C)C)NC6=CC=CC=C6N5)CCCN(C)C,NDI core not found
CN1C=CC(=[N+]2C(=O)C3=C4C(=CC=C5C4=C(C=C3)C(=O)N(C5=O)C)C2=O)C=C1,NDI core not found
CCCCCCC(CCCCCC)CN1C(=O)C2=C3C(=C4C5=C2C(=C6C(=C5C(=O)N(C4=O)CC(CCCCCC)CCCCCC)SC(=C(C#N)C#N)S6)C1=O)SC(=C(C#N)C#N)S3,NDI core not found
CCCCCCCCCCC(CCCCCCCC)CN1C(=O)C2=C3C(=C4C5=C2C(=C6C(=C5C(=O)N(C4=O)CC(CCCCCCCC)CCCCCCCCCC)SC(=C(C#N)C#N)S6)C1=O)SC(=C(C#N)C#N)S3,NDI core not found
CCCCCCCCC(CCCCCC)CN1C(=O)C2=C3C(=C4C5=C2C(=C6C(=C5C(=O)N(C4=O)CC(CCCCCC)CCCCCCCC)SC(=C(C#N)C#N)S6)C1=O)SC(=C(C#N)C#N)S3,NDI core not found
CCCCCCC(CCCC)CN1C(=O)C2=C3C(=C4C5=C2C(=C6C(=C5C(=O)N(C4=O)CC(CCCC)CCCCCC)SC(=C(C#N)C#N)S6)C1=O)SC(=C(C#N)C#N)S3,NDI core not found
CCCCCCCCCCCCC(CCCCCCCCCC)CN1C(=O)C2=C3C(=C4C5=C2C(=C6C(=C5C(=O)N(C4=O)CC(CCCCCCCCCC)CCCCCCCCCCCC)SC(=C(C#N)C7=CC=CC=C7)S6)C1=O)SC(=C(C#N)C8=CC=CC=C8)S3,NDI core not found
CCCCCCCCCCCCC(CCCCCCCCCC)CN1C(=O)C2=C3C(=C4C5=C2C(=C6C(=C5C(=O)N(C4=O)CC(CCCCCCCCCC)CCCCCCCCCCCC)SC(=C(C#N)C#N)S6)C1=O)SC(=C(C#N)C#N)S3,NDI core not found
CCCCCCCCCCC(CCCCCCCC)CN1C(=O)C2=C3C(=C4C5=C2C(=C6C(=C5C(=O)N(C4=O)CC(CCCCCCCC)CCCCCCCCCC)SC(=C(C#N)C(=O)OCC)S6)C1=O)SC(=C(C#N)C(=O)OCC)S3,NDI core not found
CCCCCCCCCCC(CCCCCCCC)CN1C(=O)C2=C3C(=C4C5=C2C(=C6C(=C5C(=O)N(C4=O)CC(CCCCCCCC)CCCCCCCCCC)SC(=C(C#N)C(=O)OCCCCCC)S6)C1=O)SC(=C(C#N)C(=O)OCCCCCC)S3,NDI core not found
CCCCCCCCC(CCCCCC)CCN1C(=O)C2=C3C(=C4C5=C2C(=C6C(=C5C(=O)N(C4=O)CCC(CCCCCC)CCCCCCCC)SC(=C(C#N)C#N)S6)C1=O)SC(=C(C#N)C#N)S3,NDI core not found
CCCCCCCCCCCCC(CCCCCCCCCC)CN1C(=O)C2=C3C(=C4C5=C2C(=C6C(=C5C(=O)N(C4=O)CC(CCCCCCCCCC)CCCCCCCCCCCC)SC(=C([N+]#[C-])[N+]#[C-])S6)C1=O)SC(=C(C#N)C#N)S3,NDI core not found
CCCCCCCCCCC(CCCCCCCC)CN1C(=O)C2=C3C(=C4C5=C2C(=C6C(=C5C(=O)N(C4=O)CC(CCCCCCCC)CCCCCCCCCC)SC(=C([N+]#[C-])[N+]#[C-])S6)C1=O)SC(=C(C#N)C#N)S3,NDI core not found
CCCCCCCCC(CCCCCC)CN1C(=O)C2=C3C(=C4C5=C2C(=C6C(=C5C(=O)N(C4=O)CC(CCCCCC)CCCCCCCC)SC(=C([N+]#[C-])[N+]#[C-])S6)C1=O)SC(=C(C#N)C#N)S3,NDI core not found
CCCCCCC(CCCCCC)CN1C(=O)C2=C3C(=C4C5=C2C(=C6C(=C5C(=O)N(C4=O)CC(CCCCCC)CCCCCC)SC(=C([N+]#[C-])[N+]#[C-])S6)C1=O)SC(=C(C#N)C#N)S3,NDI core not found
CCCCCCC(CCCC)CN1C(=O)C2=C3C(=C4C5=C2C(=C6C(=C5C(=O)N(C4=O)CC(CCCC)CCCCCC)SC(=C([N+]#[C-])[N+]#[C-])S6)C1=O)SC(=C(C#N)C#N)S3,NDI core not found
CCCCCCCCC(CCCCCC)CCN1C(=O)C2=C3C(=C4C5=C2C(=C6C(=C5C(=O)N(C4=O)CCC(CCCCCC)CCCCCCCC)SC(=C([N+]#[C-])[N+]#[C-])S6)C1=O)SC(=C(C#N)C#N)S3,NDI core not found
CCCCC(CC)CN1C(=O)C2=C3C(=C4C5=C2C(=C6C(=C5C(=O)N(C4=O)CC(CC)CCCC)SC(=C([N+]#[C-])[N+]#[C-])S6)C1=O)SC(=C(C#N)C#N)S3,NDI core not found
CN1C(=O)C2=C3C(=C4C5=C2C(=C6C(=C5C(=O)N(C4=O)C)SC(=C([N+]#[C-])[N+]#[C-])S6)C1=O)SC(=C(C#N)C#N)S3,NDI core not found
CCCCCCCCCCC(CCCCCCCC)CN1C(=O)C2=C3C(=C4C5=C2C(=C6C(=C5C(=O)N(C4=O)CC(CCCCCCCC)CCCCCCCCCC)SC(=C(C(=O)OCC)[N+]#[C-])S6)C1=O)SC(=C(C#N)C(=O)OCC)S3,NDI core not found
CCCCC(CC)COC(=O)C(=C1SC2=C3C4=C5C(=C2S1)C(=O)N(C(=O)C5=C6C(=C4C(=O)N(C3=O)C)SC(=C(C(=O)OCC(CC)CCCC)[N+]#[C-])S6)C)C#N,NDI core not found
CCCCCCCCCCC(CCCCCCCC)CN1C(=O)C2=C3C(=C4C5=C2C(=C6C(=C5C(=O)N(C4=O)CC(CCCCCCCC)CCCCCCCCCC)SC(=C(C(=O)OCCCCCC)[N+]#[C-])S6)C1=O)SC(=C(C#N)C(=O)OCCCCCC)S3,NDI core not found
CCCCCCCCCCCCC(CCCCCCCCCC)CN1C(=O)C2=C3C(=C4C5=C2C(=C6C(=C5C(=O)N(C4=O)CC(CCCCCCCCCC)CCCCCCCCCCCC)SC(=C(C7=CC=CC=C7)[N+]#[C-])S6)C1=O)SC(=C(C#N)C8=CC=CC=C8)S3,NDI core not found
CCCCCCCCCCCCC(CCCCCCCCCC)CN1C(=O)C2=C3C(=C4C5=C2C(=C6C(=C5C(=O)N(C4=O)CC(CCCCCCCCCC)CCCCCCCCCCCC)SC(=C(S6)[N+]#[C-])[N+]#[C-])C1=O)SC(=C(S3)C#N)C#N,NDI core not found
CCCCCCCCCCC(CCCCCCCC)CN1C(=O)C2=C3C(=C4C5=C2C(=C6C(=C5C(=O)N(C4=O)CC(CCCCCCCC)CCCCCCCCCC)SC(=C(S6)[N+]#[C-])[N+]#[C-])C1=O)SC(=C(S3)C#N)C#N,NDI core not found
CCCCCCC(CCCC)CN1C(=O)C2=C3C(=C4C5=C2C(=C6C(=C5C(=O)N(C4=O)CC(CCCC)CCCCCC)SC(=C(S6)[N+]#[C-])[N+]#[C-])C1=O)SC(=C(S3)C#N)C#N,NDI core not found
CCCCCCCCCCCCC(CCCC)CN1C(=O)C2=C3C(=C4C5=C2C(=C6C(=C5C(=O)N(C4=O)CC(CCCC)CCCCCC)SC(=C(S6)[N+]#[C-])[N+]#[C-])C1=O)SC(=C(S3)C#N)C#N,NDI core not found
CCCCC(CC)CN1C(=O)C2=C3C(=C4C5=C2C(=C6C(=C5C(=O)N(C4=O)CC(CC)CCCC)SC(=C(C#N)C#N)S6)C1=O)SC(=C(C#N)C#N)S3,NDI core not found
CN1C(=O)C2=C3C(=C4C5=C2C(=C6C(=C5C(=O)N(C4=O)C)SC(=C(C#N)C(=O)OC)S6)C1=O)SC(=C(C#N)C(=O)OC)S3,NDI core not found
CN1C(=O)C2=C3C(=C4C5=C2C(=C6C(=C5C(=O)N(C4=O)C)SC(=C(C#N)C7=CC=CC=C7)S6)C1=O)SC(=C(C#N)C8=CC=CC=C8)S3,NDI core not found
CN1C(=O)C2=C3C(=C4C5=C2C(=C6C(=C5C(=O)N(C4=O)C)SC(=C(C#N)C#N)S6)C1=O)SC(=C(C#N)C#N)S3,NDI core not found
CCCCCCCCCCCCC(CCCCCCCCCC)CN1C(=O)C2=C3C(=C4C5=C2C(=C6C(=C5C(=O)N(C4=O)CC(C)CCCCCCCCCC)SC(=C(C#N)C7=CC=CC=C7)S6)C1=O)SC(=C(C#N)C8=CC=CC=C8)S3,NDI core not found
CCCCCCCCN1C(=O)C2=C3C4=C(C=C2)C(=O)N(C(=O)C4=C5C6=CC7=C8C(=CC9=C2C8=C6C4=C6C2=C(C=C2C6=C(C=C4C5=C3C1=O)C(=O)N(C2=O)C(CCCCCCC)CCCCCCC)C1=C2C3=C(C=CC4=C3C(=C91)C(=O)N(C4=O)CCCCCCCC)C(=O)N(C2=O)CCCCCCCC)C(=O)N(C7=O)C(CCCCCCC)CCCCCCC)CCCCCCCC,NDI core not found
CCCCCCN1C(=O)C2=C3C(=CC=C4C3=C(C=C2)C(=O)[N+](=C5C=CN(C=C5)CCCCCCC6=C(SC(=C6)C)C)C4=O)C1=O,NDI core not found
CN1C(=O)C2=C3C(=C4C5=C2C(=C6C(=C5C(=O)N(C4=O)C)SC(=C(C#N)C(=O)OC)S6)C1=O)SC(=C(C#N)C(=O)O)S3,NDI core not found
CN1C(=O)C2=C3C4=C(C=C2)C(=O)N(C(=O)C4=C5C(=C3C1=O)SC(=CC#N)S5)C,NDI core not found
CN1C(=O)C2=C3C4=C(C=C2)C(=O)N(C(=O)C4=C5C(=C3C1=O)SC(=C(C#N)C(=C6SC7=C8C9=C(C=CC1=C9C(=C7S6)C(=O)N(C1=O)C)C(=O)N(C8=O)C)C#N)S5)C,NDI core not found
CCCCCCCCCCCCC(CCCCCCCCCC)CN1C(=O)C2=C3C(=C4C5=C2C(=C6C(=C5C(=O)N(C4=O)CC(CCCCCCCCCC)CCCCCCCCCCCC)SC(=C(C=CC(C)C)C#N)S6)C1=O)SC(=CC#N)S3,NDI core not found
CN1C(=O)C2=C3C(=C4C5=C2C(=C6C(=C5C(=O)N(C4=O)C)SC(=C(C#N)C#N)S6)C1=O)SC(=CC#N)S3,NDI core not found
CCCCCCCCCCCCC(CCCCCCCCCC)CN1C(=O)C2=C3C(=C4C5=C2C(=C6C(=C5C(=O)N(C4=O)CC(CCCCCCCCCC)CCCCCCCCCCCC)SC(=CC7=CC8=C(S7)C=C(S8)C)S6)C1=O)SC(=CC#N)S3,NDI core not found
CN1C(=O)C2=C3C(=C4C5=C2C(=C6C(=C5C(=O)N(C4=O)C)SC(=C(C#N)C(=C7SC8=C9C2=C4C(=C5C(=C2C(=O)N(C9=O)C)SC(=C(C#N)C#N)S5)C(=O)N(C(=O)C4=C8S7)C)C#N)S6)C1=O)SC(=C(C#N)C#N)S3,NDI core not found
CCCCCCCCCCCCC(CCCCCCCCCC)CN1C(=O)C2=C3C(=C4C5=C2C(=C6C(=C5C(=O)N(C4=O)CC(CCCCCCCCCC)CCCCCCCCCCCC)SC(=CC#N)S6)C1=O)SC(=CC#N)S3,NDI core not found
CCCCCCCCCCCCC(CCCCCCCCCC)CN1C(=O)C2=C3C(=C4C5=C2C(=C6C(=C5C(=O)N(C4=O)CC(CCCCCCCCCC)CCCCCCCCCCCC)SC(=C(C#N)C7=CC=C(S7)C)S6)C1=O)SC(=CC(C)C#N)S3,NDI core not found
CCCCCCN1C(=O)C2=C3C(=C4C5=C2C(=C6C(=C5C(=O)N(C4=O)CCCCCC)SC7=CC=CC=C7S6)C1=O)SC8=CC=CC=C8S3,NDI core not found
C1=CC=C(C=C1)N2C(=O)C3=C4C(=C5C6=C3C(=C7C(=C6C(=O)N(C5=O)C8=CC=CC=C8)SC(=C(C#N)C#N)S7)C2=O)SC(=C(C#N)C#N)S4,NDI core not found
CCCCCCN1C(=O)C2=C3C(=C4C5=C2C(=C6C(=C5C(=O)N(C4=O)CCCCCC)SC(=C(C#N)C#N)S6)C1=O)SC(=C(C#N)C#N)S3,NDI core not found
CCCCCCCCN1C(C2=C3C4=C(C=C2)C(=O)N(C(=O)C4=C5C6=C7C8=C(C5=C3C1=O)C=C9C1=C(C=C2C(=C18)C1=C7C3=C(C=C1C1=C4C5=C(C=CC7=C5C(=C21)C(=O)N(C7=O)CCCCCCCC)C(=O)N(C4=O)CCCCCCCC)C(N(C(=O)C3=C6)C(CCCCCCC)CCCCCCC)O)C(N(C9=O)C(CCCCCCC)CCCCCCC)O)CCCCCCCC)O,NDI core not found
CCCCCCN1C(=O)C2=C3C(=CC=C4C3=C(C=C2)C(=O)[N+](=C5C=CN(C=C5)CCCCCCC6=C(SC(=C6)C(C)(C)C)C(C)(C)C)C4=O)C1=O,NDI core not found
CCCCCCCCN1C(=O)C2=C3C4=C(C=C2)C(=O)N(C(=O)C4=C5C6=CC7=C8C(=CC9=C2C8=C6C4=C6C2=C(C=C2C6=C(C=C4C5=C3C1=O)C(=O)N(C2=O)C1=C(C=CC=C1C(C)C)C(C)C)C1=C2C3=C(C=CC4=C3C(=C91)C(=O)N(C4=O)CCCCCCCC)C(=O)N(C2=O)CCCCCCCC)C(=O)N(C7=O)C1=C(C=CC=C1C(C)C)C(C)C)CCCCCCCC,NDI core not found
CCCCCCCCC(C)CN1C(=O)C2=C3C(=C4C5=C2C(=C6C(=C5C(=O)N(C4=O)CC(C)C)SC(=C(C#N)C#N)S6)C1=O)SC(=C(C#N)C#N)S3,NDI core not found
CC(C)CN1C(=O)C2=C3C(=C4C5=C2C(=C6C(=C5C(=O)N(C4=O)CC(C)C)SC(=C(C#N)C#N)S6)C1=O)SC(=C(C#N)C#N)S3,NDI core not found
CCCCCCCCN1C(=O)C2=C3C(=C4C5=C2C(=C6C(=C5C(=O)N(C4=O)CCCCCCCC)SC(=C(C#N)C#N)S6)C1=O)SC(=C(C#N)C#N)S3,NDI core not found
CN1C(=O)C2=C3C(=C(SC3=C4C5=C2C(=C6C(=C5C(=O)N(C4=O)C)SC(=C(C#N)C#N)S6)C1=O)C#N)C#N,NDI core not found
CCCCCCN1C(=O)C2=C3C(=C4C5=C2C(=C6C(=C5C(=O)N(C4=O)CCCCCC)SC(=C([N+]#[C-])[N+]#[C-])S6)C1=O)SC(=C(C#N)C#N)S3,NDI core not found
CCCCCCN1C(=O)C2=C3C(=C4C5=C2C(=C6C(=C5C(=O)N(C4=O)CCCCCC)SC(=C(C(=O)CO)[N+]#[C-])S6)C1=O)SC(=C(C#N)C(=O)OC)S3,NDI core not found
[C-]#[N+]C(=C1SC2=C3C4=C5C(=C6C(=C4C(=O)N(C3=O)C7=CC=CC=C7)SC(=C(C#N)C#N)S6)C(=O)N(C(=O)C5=C2S1)C8=CC=CC=C8)[N+]#[C-],NDI core not found
CCCCCCCCN1C(=O)C2=C3C(=C4C5=C2C(=C6C(=C5C(=O)N(C4=O)CCCCCCCC)SC(=C([N+]#[C-])[N+]#[C-])S6)C1=O)SC(=C(C#N)C#N)S3,NDI core not found
CCCCCCN1C(=O)C2=C3C(=C4C5=C2C(=C6C(=C5C(=O)N(C4=O)CCCCCC)SC(=C(S6)[N+]#[C-])[N+]#[C-])C1=O)SC(=C(S3)C#N)C#N,NDI core not found
CCCCCCN1C(=O)C2=C3C(=C4C5=C2C(=C6C(=C5C(=O)N(C4=O)CCCCCC)SC(=C(C#N)C#N)S6)C1=O)SC(=C(S3)[N+]#[C-])[N+]#[C-],NDI core not found
CCCCCCN1C(=O)C2=C3C(=C(SC3=C4C5=C2C(=C6C(=C5C(=O)N(C4=O)CCCCCC)SC(=C([N+]#[C-])[N+]#[C-])S6)C1=O)C#N)C#N,NDI core not found
C1=CC=C(C=C1)N2C(=O)C3=C4C(=C5C6=C3C(=C7C(=C6C(=O)N(C5=O)C8=CC=CC=C8)NC9=CC=CC=C9N7)C2=O)NC1=CC=CC=C1N4,NDI core not found
CC(C)(C)C1=CC=C(C=C1)N2C(=O)C3=C4C(=C5C6=C3C(=C7C(=C6C(=O)N(C5=O)C8=CC=C(C=C8)C(C)(C)C)SC(=C(C#N)C#N)S7)C2=O)SC(=C(C#N)C#N)S4,NDI core not found
CCCCCCCCN1C(=O)C2=C(C(=C3C4=C2C(=C5C(=C4C(=O)N(C3=O)CCCCCCCC)SC6=CC=CC=C6S5)C1=O)NC7=CC=CC=C7)NC8=CC=CC=C8,NDI core not found
CCCCCCCCNC1=C2C3=C4C(=C1NCCCCCCCC)C(=O)N(C(=O)C4=C5C(=C3C(=O)N(C2=O)CCCCCCCC)SC6=CC=CC=C6S5)CCCCCCCC,NDI core not found
CCCCCCCCN1C(=O)C2=C3C(=C4C5=C2C(=C6C(=C5C(=O)N(C4=O)CCCCCCCC)SC7=CC=CC=C7S6)C1=O)SC8=CC=CC=C8S3,NDI core not found
CN1C(=O)C2=C3C(=C4C5=C2C(=C6C(=C5C(=O)N(C4=O)C)SC(=C(S6)[N+]#[C-])[N+]#[C-])C1=O)SC(=C(S3)C#N)C#N,NDI core not found
CCCCCCCCCCC(CCCCCCCC)CN1C(=O)C2=C3C(=C4C5=C2C(=C6C(=C5C(=O)N(C4=O)CC(CCCCCCCC)CCCCCCCCCC)SC7=C(S6)SC(=S)S7)C1=O)SC8=C(S3)SC(=S)S8,NDI core not found
CCCCCCCCCCC(CCCCCCCC)CN1C(=O)C2=C3C(=C4C5=C2C(=C6C(=C5C(=O)N(C4=O)CC(CCCCCCCC)CCCCCCCCCC)SC7=C(S6)SC(=O)S7)C1=O)SC8=C(S3)SC(=O)S8,NDI core not found
C1=CC2=CC(=C1)OC3=CC=C(C=C3)C(=O)C4=CC=C(C=C4)C5=CC=C(C=C5)C(=O)C6=CC=C(C=C6)OC7=CC=CC(=C7)N8C(=O)C9=C1C(=CC=C3C1=C(C=C9)C(=O)N2C3=O)C8=O,NDI core not found
CC(C)C1=C(C(=CC=C1)C(C)C)N2C(=O)C3=C4C5=C(C=C3)C(=O)N(C(=O)C5=C6C7=CC8=C9C(=CC1=C3C9=C7C5=C7C3=C(C=C3C7=C(C=C5C6=C4C2=O)C(=NC3=O)O)C2=C3C4=C(C=CC5=C4C(=C12)C(=O)N(C5=O)C1=C(C=CC=C1C(C)C)C(C)C)C(=O)N(C3=O)C1=C(C=CC=C1C(C)C)C(C)C)C(=O)N=C8O)C1=C(C=CC=C1C(C)C)C(C)C,NDI core not found
CCCCCCCCC(CCCCCC)CCCN1C(=O)C2=C3C(=C4C5=C2C(=C6C(=C5C(=O)N(C4=O)CCCC(CCCCCC)CCCCCCCC)SC(=C(C#N)C#N)S6)C1=O)SC(=C(C#N)C#N)S3,NDI core not found
CCCCCCCCCCCCCCCCCNC1=C2C3=C4C(=C1NCCCCCCCCCCCCCCCCC)C(=O)N(C(=O)C4=C5C(=C3C(=O)N(C2=O)CCCCCCCC)SC6=CC=CC=C6S5)CCCCCCCC,NDI core not found
CCCCCCCCCCC(CCCCCCCC)CN1C(=O)C2=C3C(=C4C5=C2C(=C6C(=C5C(=O)N(C4=O)CC(CCCCCCCC)CCCCCCCCCC)NC7=CC=CC=C7S6)C1=O)SC8=CC=CC=C8N3,NDI core not found
CCCCCCCCCCC(CCCCCCCC)CN1C(=O)C2=C3C(=C4C5=C2C(=C6C(=C5C(=O)N(C4=O)CC(CCCCCCCC)CCCCCCCCCC)SC7=CC=CC=C7N6)C1=O)SC8=CC=CC=C8N3,NDI core not found
CCCCCCCCCCC(CCCCCCCC)CN1C(=O)C2=C3C(=C4C5=C2C(=C6C(=C5C(=O)N(C4=O)C7=CC=C(C=C7)C(C)(C)C)SC(=C(C#N)C#N)S6)C1=O)SC(=C(C#N)C#N)S3,NDI core not found
CCCCCCCCCCCCC(CCCCCCCCCC)CN1C(=O)C2=C3C(=C4C5=C2C(=C6C(=C5C(=O)N(C4=O)CC(CCCCCCCCCC)CCCCCCCCCCCC)SC7=CC=CC=C7S6)C1=O)SC8=CC=CC=C8S3,NDI core not found
CCCCCCCCCCCCC(CCCCCCCCCC)CN1C(=O)C2=C3C(=C4C5=C2C(=C6C(=C5C(=O)N(C4=O)CC(CCCCCCCCCC)CCCCCCCCCCCC)NC7=CC=CC=C7S6)C1=O)SC8=CC=CC=C8N3,NDI core not found
CCCCCCCCCCCCC(CCCCCCCCCC)CN1C(=O)C2=C3C(=C4C5=C2C(=C6C(=C5C(=O)N(C4=O)CC(CCCCCCCCCC)CCCCCCCCCCCC)SC7=CC=CC=C7S6)C1=O)NC8=CC=CC=C8N3,NDI core not found
CCCCCCCCCCCCC(CCCCCCCCCC)CN1C(=O)C2=C3C4=C(C5=NC6=CC=CC=C6N=C25)C(=O)N(C(=O)C4=C7C(=C3C1=O)NC8=CC=CC=C8S7)CC(CCCCCCCCCC)CCCCCCCCCCCC,NDI core not found
CCCCCCCCCCCCC(CCCCCCCCCC)CN1C(=O)C2=C3C(=C4C5=C2C(=C6C(=C5C(=O)N(C4=O)CC(CCCCCCCCCC)CCCCCCCCCCCC)SC7=CC=CC=C7N6)C1=O)NC8=CC=CC=C8N3,NDI core not found
CCCCCCCCCCCCC(CCCCCCCCCC)CN1C(=O)C2=C3C4=C(C5=NC6=CC=CC=C6N=C25)C(=O)N(C(=O)C4=C7C(=C3C1=O)SC8=CC=CC=C8S7)CC(CCCCCCCCCC)CCCCCCCCCCCC,NDI core not found
CCCCCCCCCCC(CCCCCCCC)CN1C(=O)C2=C3C(=C4C5=C2C(=C6C(=C5C(=O)N(C4=O)CC(CCCCCCCC)CCCCCCCCCC)SC(=C(C#N)C#N)S6)C1=O)SC7=CC=CC=C7S3,NDI core not found
CCCCCCCCCCC(CCCCCCCC)CN1C(=O)C2=C3C(=C4C5=C2C(=C6C(=C5C(=O)N(C4=O)CC(CCCCCCCC)CCCCCCCCCC)SC7=CC=CC=C7S6)C1=O)SC8=CC=CC=C8S3,NDI core not found
CCCCCCCCCCC(CCCCCCCC)CN1C(=O)C2=C3C(=C4C5=C2C(=C6C(=C5C(=O)N(C4=O)CC(CCCCCCCC)CCCCCCCCCC)SC7=CC8=CC=CC=C8C=C7S6)C1=O)SC9=CC1=CC=CC=C1C=C9S3,NDI core not found
CCCCCCCCCCC(CCCCCCCC)CN1C(=O)C2=C3C(=C4C5=C2C(=C6C(=C5C(=O)N(C4=O)CC(CCCCCCCC)CCCCCCCCCC)SC(=C(C#N)C#N)S6)C1=O)SC7=CC8=CC=CC=C8C=C7S3,NDI core not found
CCCCCCCCCCC(CCCCCCCC)CN1C(=O)C2=C3C(=C4C5=C2C(=C6C(=C5C(=O)N(C4=O)CC(CCCCCCCC)CCCCCCCCCC)SC7=C(S6)SC(=S)S7)C1=O)SC(=N3)C8=CC=CC=C8,NDI core not found
CCCCCCCCCCC(CCCCCCCC)CN1C(=O)C2=C3C(=C4C5=C2C(=C6C(=C5C(=O)N(C4=O)CC(CCCCCCCC)CCCCCCCCCC)SC7=C(S6)SC(=S)S7)C1=O)SC(=N3)C8=CC=CS8,NDI core not found
CCCCCCCCCCC(CCCCCCCC)CN1C(=O)C2=C3C(=C4C5=C2C(=C6C(=C5C(=O)N(C4=O)CC(CCCCCCCC)CCCCCCCCCC)SC(=C(C#N)C#N)S6)C1=O)SC(=N3)C7=CC=CS7,NDI core not found
CCCCCCCCCCC(CCCCCCCC)CN1C(=O)C2=C3C(=C4C5=C2C(=C6C(=C5C(=O)N(C4=O)CC(CCCCCCCC)CCCCCCCCCC)SC(=C(C#N)C#N)S6)C1=O)SC(=N3)C7=CC=CC=C7,NDI core not found
C[N+](C)(C)CCCN1C(=O)C2=C3C4=C(C=C2)C(=O)N(C(=O)C4=C5C(=C3C1=O)NC6=CC=CC=C6N5)CCC[N+](C)(C)C,NDI core not found
CCCCCCCCC(CCCCCCCC)CN1C(=O)C2=C3C4=C(C5=C2C6=CC=CC=C65)C(=O)N(C(=O)C4=C7C8=CC=CC=C8C7=C3C1=O)CC(CCCCCCCC)CCCCCCCC,NDI core not found
CCCCCCCCCCC(CCCCCCCC)CN1C(=O)C2=C3C(=C4C5=C2C(=C6C(=C5C(=O)N(C4=O)CC(CCCCCCCC)CCCCCCCCCC)SC(=C(C#N)C#N)S6)C1=O)SC(=CC#N)S3,NDI core not found
CCCCCCCCCCC(CCCCCCCC)CN1C(=O)C2=C3C(=C4C5=C2C(=C6C(=C5C(=O)N(C4=O)CC(CCCCCCCC)CCCCCCCCCC)SC(=C(C#N)C(=C7SC8=C9C2=C4C(=C5C(=C2C(=O)N(C9=O)CC(CCCCCCCC)CCCCCCCCCC)SC(=C(C#N)C#N)S5)C(=O)N(C(=O)C4=C8S7)CC(CCCCCCCC)CCCCCCCCCC)C#N)S6)C1=O)SC(=C(C#N)C#N)S3,NDI core not found
CCCCCCCCN1C(=O)C2=C3C4=C(C=C2)C(=O)N(C(=O)C4=C5C(=C3C1=O)SC(=C(C#N)C(=C6SC7=C8C9=C(C=CC1=C9C(=C7S6)C(=O)N(C1=O)CCCCCCCC)C(=O)N(C8=O)CCCCCCCC)C#N)S5)CCCCCCCC,NDI core not found
CCCCCCCCN1C(=O)C2=C3C4=C(C=C2)C(=O)N(C(=O)C4=C5C(=C3C1=O)SC(=CC#N)S5)CCCCCCCC,NDI core not found
CCCCCCCC(CCCCCCC)N1C(=O)C2=C3C4=C(C=C2)C(=O)N(C(=O)C4=C5C6=CC7=C8C(=CC9=C2C8=C6C4=C6C2=C(C=C2C6=C(C=C4C5=C3C1=O)C(=NC2=O)O)C1=C2C3=C(C=CC4=C3C(=C91)C(=O)N(C4=O)C(CCCCCCC)CCCCCCC)C(=O)N(C2=O)C(CCCCCCC)CCCCCCC)C(=O)N=C7O)C(CCCCCCC)CCCCCCC,NDI core not found
CCCCCCCCCCCCN1C(=O)C2=C3C4=C(C=C2)C(=O)N(C(=O)C4=C5C6=CC7=C8C(=CC9=C2C8=C6C4=C6C2=C(C=C2C6=C(C=C4C5=C3C1=O)C(=NC2=O)O)C1=C2C3=C(C=CC4=C3C(=C91)C(=O)N(C4=O)CCCCCCCCCCCC)C(=O)N(C2=O)CCCCCCCCCCCC)C(=O)N=C7O)CCCCCCCCCCCC,NDI core not found
C1=CC2=C3C(=CC=C4C3=C1C(=O)[N+](=C5C=CNC=C5)C4=O)C(=O)[N+](=C6C=CNC=C6)C2=O,NDI core not found
CCN1C=CC(=[N+]2C(=O)C3=C4C(=CC=C5C4=C(C=C3)C(=O)[N+](=C6C=CN(C=C6)CC)C5=O)C2=O)C=C1,NDI core not found
CCCCCCCCN1C(=O)C2=C3C4=C(C5=C2C6=CC7=CC=CC=CC7=C6C8=C9C=CC=CC=C9C=C85)C(=O)N(C(=O)C4=C2C4=CC5=CC=CC=CC5=C4C4=C5C=CC=CC=C5C=C4C2=C3C1=O)CCCCCCCC,NDI core not found
